text,num
new,6090
one,4067
army,2635
may,2566
police,2547
man,2504
go,2379
good,2206
free,2091
stop,2089
world,2073
use,2041
state,2034
day,1988
open,1972
time,1962
city,1927
would,1751
get,1735
big,1723
first,1697
way,1672
book,1647
work,1635
look,1633
service,1621
beer,1506
home,1505
school,1483
bus,1480
love,1470
like,1456
win,1449
house,1427
life,1421
air,1353
many,1346
see,1340
national,1333
bar,1317
club,1314
make,1313
red,1284
old,1278
hi,1249
also,1238
car,1211
know,1206
run,1157
park,1148
street,1144
food,1131
net,1126
top,1124
live,1120
real,1120
great,1104
center,1103
news,1094
special,1084
team,1078
people,1066
hotel,1061
part,1042
welcome,1033
lot,1029
long,1028
back,1023
fire,1022
show,1003
bill,996
company,994
original,989
call,985
sale,982
box,974
music,965
south,962
low,960
water,959
say,957
shop,956
art,953
take,953
let,950
per,948
king,941
last,935
every,934
photo,933
west,921
land,913
since,910
road,901
please,898
power,894
end,887
star,885
green,874
control,870
keep,863
die,862
could,850
university,849
line,848
blue,841
coffee,840
hot,838
happy,835
law,832
international,829
play,826
right,824
high,814
sun,807
black,803
white,793
mark,793
come,785
store,782
light,778
place,762
want,762
pro,762
bank,757
grand,753
son,753
need,751
money,750
design,741
station,739
must,738
via,727
war,724
ice,721
van,719
north,714
business,714
oil,714
natural,709
restaurant,708
edition,708
buy,703
social,701
post,696
less,695
change,690
pay,685
think,678
family,675
hall,673
year,668
save,658
hand,657
well,656
local,652
next,650
sure,650
set,648
space,647
rock,641
care,641
ad,639
game,636
town,634
little,633
office,629
put,625
mail,621
general,616
start,615
public,614
help,614
support,611
try,610
find,606
health,604
east,598
cup,597
festival,594
digital,591
fresh,587
much,584
never,579
tell,576
hard,575
extra,571
color,570
room,568
bell,565
soon,564
market,563
classic,562
price,561
information,559
wine,557
radio,551
press,551
express,548
enter,546
quality,541
night,539
energy,536
royal,536
far,536
sport,534
group,533
museum,530
thing,529
college,527
phone,527
read,527
library,524
film,524
menu,520
sound,520
union,519
even,516
drink,516
case,514
chocolate,513
still,513
give,512
drive,512
party,511
country,509
brown,509
web,509
science,508
today,505
emergency,503
county,501
force,501
god,500
miss,498
point,497
system,495
plus,495
central,494
march,494
contact,493
ask,490
cat,489
thank,488
community,484
tour,479
beach,478
series,475
full,474
cost,474
area,468
wood,468
hope,466
port,464
age,462
cream,462
action,461
without,460
orange,460
gold,456
mobile,455
sand,455
history,455
future,454
side,453
total,451
zone,450
speed,449
taxi,449
heart,446
around,446
list,445
fine,443
body,439
true,438
complete,438
project,438
staff,437
travel,434
add,432
ball,431
name,427
product,426
head,426
fun,422
story,422
fly,421
moon,420
class,420
camp,419
really,419
guide,419
loss,418
stand,417
collection,417
dog,417
society,414
cheese,410
dry,409
human,408
away,404
sky,404
award,402
clean,402
pour,400
access,399
key,398
available,398
data,397
band,393
sea,393
justice,392
cold,390
organic,390
tea,389
ever,389
policy,387
pale,384
dark,384
ban,384
turn,383
square,383
fish,382
brand,382
lock,381
bike,381
capital,374
gun,374
arm,374
garden,373
western,372
main,371
island,370
security,370
valley,370
wind,369
church,367
technology,367
author,366
rescue,365
farm,364
vote,362
summer,360
fast,360
department,360
spring,360
form,358
cut,358
chicken,358
camera,358
peace,357
hill,353
bad,353
daily,353
unit,352
bit,351
cross,351
network,350
easy,350
milk,348
left,347
ride,347
hour,347
share,346
boy,346
mass,345
always,345
door,343
hello,342
ill,342
online,342
cool,342
young,341
wall,341
river,339
mode,339
page,339
code,337
sweet,336
pure,336
court,336
tax,335
search,335
card,334
field,334
creative,333
hair,333
join,332
child,332
count,332
video,331
together,331
mix,331
program,331
freedom,330
eat,330
strong,329
golden,328
small,328
content,327
fiction,327
none,327
dead,326
transport,326
style,326
single,325
second,324
pop,324
race,323
test,322
model,321
trust,321
entrance,321
guard,320
motor,320
kind,320
mind,319
inside,319
file,319
send,316
private,316
size,316
wild,315
pack,315
coast,315
act,314
word,313
event,312
window,310
master,309
exchange,309
order,308
district,308
command,307
yes,306
ear,306
danger,306
smart,306
process,305
might,304
global,304
gallery,303
trade,303
idea,302
rest,302
wing,301
standard,297
crew,295
shot,295
choice,293
president,293
watch,293
taste,292
earth,291
mission,290
gas,290
bear,289
step,289
nothing,289
education,289
week,288
winner,288
dream,287
engine,286
present,286
girl,286
fruit,286
walk,286
anyone,285
sugar,285
sex,283
till,281
medical,281
talk,281
hell,279
century,277
official,276
front,276
fight,276
view,275
computer,274
source,274
foundation,273
baby,273
past,272
student,271
enjoy,271
soft,270
thin,270
sell,270
aid,269
clear,268
fair,268
ground,268
picture,267
date,266
safety,266
board,266
nation,266
shift,265
machine,265
move,265
found,264
hold,264
ship,264
number,263
feel,263
research,262
short,261
mountain,261
kill,260
touch,260
electric,260
studio,260
beauty,259
coal,259
death,259
value,259
lady,258
whole,258
counter,257
volume,257
fan,257
double,256
morning,254
hit,253
another,253
eye,252
stone,252
produce,252
hospital,251
guy,250
development,250
fat,249
association,249
face,248
southern,248
everything,247
protect,247
culture,247
magazine,247
secret,246
stay,246
return,245
ago,245
gate,244
half,244
plan,243
hear,242
trail,242
lover,241
tower,241
truck,240
chip,240
production,239
sign,239
lake,238
village,238
mother,238
slow,238
magic,237
cap,236
rich,236
fill,235
bridge,234
construction,234
federal,234
estate,233
pass,233
something,233
check,232
modern,232
famous,231
user,231
ready,231
silver,230
dance,230
cash,229
government,228
common,228
nature,228
track,228
visit,227
spirit,227
image,227
pink,226
job,226
perfect,226
paper,225
pen,225
bring,225
due,224
experience,224
tool,223
late,223
fall,223
close,222
strike,222
glass,222
mad,221
round,221
bet,220
cook,220
civil,219
large,219
fashion,219
performance,219
base,218
respect,218
create,218
novel,217
poor,217
youth,216
allow,216
season,216
mile,216
near,216
safe,216
snow,215
property,215
nice,214
build,213
voice,213
blood,213
believe,213
council,213
imagine,212
map,212
champion,212
bed,212
yellow,212
vision,211
volunteer,211
kitchen,211
site,211
bottle,211
shell,210
popular,209
sing,209
dinner,208
email,208
month,207
pub,207
boss,206
pride,206
serve,206
rice,206
record,205
adult,204
reserve,204
shall,204
management,204
cover,203
telephone,203
personal,203
passion,203
boot,202
spot,202
route,202
football,202
text,202
vehicle,202
annual,201
select,201
gap,201
lunch,201
article,201
planet,201
connect,200
ocean,200
release,200
iron,200
range,200
lay,199
tree,199
course,198
giant,198
piano,198
software,198
wear,198
factory,198
wide,197
host,197
reason,196
bread,196
cow,196
beautiful,195
meet,195
wish,193
winter,193
issue,193
healthy,192
division,191
grant,190
least,190
memory,189
diet,188
learn,188
ring,188
brother,187
soul,187
different,187
trip,187
follow,187
report,187
challenge,186
person,186
type,186
deal,185
rent,185
holiday,184
cake,184
fit,183
upon,183
adventure,183
musical,183
insurance,182
deep,182
league,182
hat,181
copy,181
stage,181
roll,180
able,180
gay,180
dig,180
director,180
woman,179
matter,179
hire,179
mine,179
visitor,178
stock,178
protection,178
floor,178
row,178
breakfast,177
gift,177
pool,177
everyone,176
pot,176
choose,176
meat,176
table,176
foot,175
quick,175
success,175
forward,174
mount,174
lead,174
ticket,173
guest,173
grow,173
important,173
major,172
beyond,172
enough,171
train,171
forever,171
speaker,171
collect,171
dear,170
target,170
flash,170
credit,170
final,169
operation,169
level,169
era,169
seat,168
traffic,168
golf,168
fix,168
mayor,167
become,167
wed,167
section,167
journal,167
rail,166
weight,166
direct,166
break,166
sort,166
forest,165
fuel,165
early,165
plant,165
screen,165
skin,164
bright,164
battle,163
concept,163
sir,163
motion,162
bin,162
proud,162
dad,162
contain,162
eastern,161
within,161
bag,161
tone,161
revolution,161
drop,161
edge,161
simple,160
custom,160
discover,160
hero,160
movie,160
convention,160
flight,159
display,158
delivery,158
album,158
self,157
sharp,157
victory,157
block,157
entertainment,157
cancer,157
craft,156
link,155
military,155
log,155
photograph,155
cause,155
knowledge,155
across,154
concern,154
clock,154
northern,154
push,154
chance,154
professional,154
universal,154
channel,153
beat,153
core,153
rear,153
song,153
complex,152
yet,152
limit,151
journey,151
naturally,151
historic,150
note,150
sit,150
friend,150
favorite,150
crime,150
tube,150
wash,149
bird,149
remember,149
strange,149
tank,149
raw,149
location,149
kiss,149
hook,147
leave,147
unique,147
worth,146
steel,146
cent,146
corporation,145
root,145
mean,144
equipment,144
fact,144
connection,144
rate,144
concert,143
entry,143
climate,143
discovery,143
horse,142
character,142
twin,142
balance,142
strength,142
genuine,141
joy,141
toy,141
salt,141
harbor,141
empire,141
mom,141
coach,141
evening,140
kid,140
player,140
offer,140
furniture,140
pick,139
storage,139
flow,139
fully,138
weather,138
supply,138
evil,138
ally,138
duty,137
rid,137
alcohol,137
corner,137
simply,137
seal,136
review,136
honor,136
sorry,136
boat,136
behind,135
problem,135
account,135
economy,135
wrong,135
waste,135
foreign,135
artist,134
plastic,134
seed,134
print,134
retail,134
smoke,134
disk,134
pull,133
customer,133
tie,133
ahead,133
outside,133
drug,133
mate,133
innovation,132
middle,132
smooth,132
regional,132
theater,132
proof,132
animal,132
load,131
traditional,131
murder,131
commercial,130
sense,130
cast,130
chapter,130
clothing,130
vice,129
grain,129
cultural,129
sleep,129
message,129
tall,129
political,129
sum,128
urban,128
scan,128
wonder,128
bath,127
gray,127
bowl,127
smile,127
wheel,127
father,127
along,127
contract,127
lack,126
opera,126
ski,126
heat,126
lift,126
anything,125
carry,125
protein,125
exhibition,125
fee,125
wait,125
seem,125
fear,125
comment,125
leader,125
write,125
tire,124
current,124
prove,124
prize,124
gear,124
provide,123
prevent,123
fund,123
partner,123
ideal,123
medium,123
active,123
charge,123
calm,122
attention,122
lose,122
interest,121
heavy,121
bond,121
introduction,121
celebrate,121
lie,121
generation,121
alone,121
truth,121
sponsor,121
dealer,121
pocket,120
among,120
election,120
forget,119
strip,119
pain,119
hang,119
metal,118
member,118
question,118
feed,118
meter,118
corporate,118
version,117
thus,117
bid,117
castle,117
progress,117
universe,117
solution,117
environment,116
mystery,116
lucky,116
singer,114
upper,114
possible,114
session,113
option,113
industrial,113
stick,113
explore,113
weekend,113
difference,113
practice,113
monitor,112
tip,112
charity,112
draw,111
flat,111
tourist,111
paint,111
boom,111
driver,111
someone,111
rain,110
dress,110
region,110
minute,110
moment,109
stuff,109
monthly,109
independent,109
industry,109
pace,108
doctor,108
burn,108
straight,108
finish,108
response,107
quarter,107
apply,107
extreme,107
comfort,107
tape,107
brain,107
risk,107
rise,107
cycle,107
match,107
alive,106
study,106
develop,106
ancient,105
notice,105
tiny,105
address,104
grade,104
language,104
lean,104
dollar,104
tale,104
selection,104
relief,103
wife,103
maker,103
financial,103
circle,103
celebration,103
tap,103
birth,102
sick,102
several,102
plate,102
discount,102
chase,102
scene,101
economic,101
listen,101
historical,101
budget,101
reader,101
contest,101
guess,100
application,100
tent,100
marriage,100
often,100
warm,100
shoot,100
agency,100
joint,99
basic,99
package,99
visual,99
democracy,99
interior,99
repair,99
transportation,99
diversity,98
almost,98
electronic,98
button,98
prior,98
period,98
weekly,98
fail,97
except,97
agent,97
appear,97
variety,97
wire,97
register,96
executive,96
reach,96
attack,96
cluster,96
nuclear,95
else,95
happiness,95
focus,95
liquid,95
hunger,95
tradition,95
shoe,94
prime,94
chamber,94
though,94
edit,94
path,94
protest,94
roof,93
leg,93
pair,93
promise,93
meal,93
handle,93
purpose,93
cell,93
manager,92
medicine,92
tonight,92
shirt,92
carbon,91
platform,91
launch,91
mouse,90
wave,90
regular,90
tune,90
continue,90
commission,90
serious,89
capacity,89
theory,89
mention,89
distance,89
flower,89
improve,89
bone,89
element,89
friendly,89
answer,89
scale,89
tail,88
luck,88
pretty,88
recent,88
egg,87
string,87
equal,87
owner,87
fantastic,87
hate,87
resort,87
origin,86
citizen,86
accept,86
yard,85
cable,85
communication,85
sail,85
however,85
movement,85
tomorrow,85
chief,84
alarm,84
spread,84
shake,84
term,83
judge,83
begin,83
escape,83
mouth,83
material,83
potato,83
inch,83
treat,83
everyday,83
faith,83
opportunity,83
operator,83
crazy,83
title,83
delight,83
cloud,82
pilot,82
internal,82
fool,82
shore,82
species,82
ease,82
essential,82
secretary,82
sister,82
signal,82
maximum,82
activity,81
subject,81
vegetable,81
enterprise,81
request,81
evolution,81
cancel,81
server,81
reality,80
panel,80
deliver,80
pleasure,80
proper,80
unite,80
hunt,80
average,80
restore,80
minor,79
result,79
legal,79
specialist,79
letter,79
crisis,79
piece,79
tough,79
labor,79
reference,78
television,78
governor,78
soldier,78
score,78
shine,78
stem,78
storm,78
effect,77
literature,77
surface,77
direction,77
minister,77
role,77
architecture,77
venture,77
remove,77
powerful,77
blow,77
clothes,77
pump,76
poll,76
daughter,76
plain,76
campaign,76
registration,76
marry,76
compare,76
feature,76
unknown,76
cry,76
throughout,76
violence,75
broad,75
raise,75
purchase,75
practical,75
entire,75
include,75
normal,75
export,74
officer,74
tennis,74
gene,74
advance,74
rather,73
administration,73
shock,73
writer,73
understand,73
senior,73
editor,73
portion,72
career,72
function,72
elect,72
amount,72
throw,72
draft,72
defend,72
everywhere,72
instead,72
sad,72
trouble,72
native,71
criminal,71
demand,71
swim,71
worker,71
happen,70
desire,70
defense,70
weird,70
onto,70
hole,70
flag,70
goal,70
border,70
belt,70
whether,70
rat,70
bite,69
drama,69
rush,69
curious,69
pause,69
wonderful,69
expert,69
position,69
peak,69
consume,69
mirror,69
switch,68
intelligence,68
totally,68
compute,68
championship,68
organization,68
positive,68
rough,68
formula,67
technical,67
teacher,67
either,67
sample,67
already,67
chair,67
status,67
chat,67
laugh,67
mood,67
brilliant,67
quite,67
pressure,67
desk,66
prison,66
shut,66
solid,66
catch,66
reward,66
speak,66
avoid,66
comedy,66
lovely,66
noise,65
detail,65
wake,65
kick,65
permanent,65
conversation,65
politics,65
intense,65
rapid,65
crash,65
slide,64
manage,64
approach,64
branch,64
destroy,64
dirty,64
desert,64
certain,64
whatever,64
structure,64
survival,64
leather,64
loud,64
label,64
item,63
error,63
excellent,63
recovery,63
bind,63
male,63
contemporary,63
alternative,63
maintenance,63
device,63
deserve,63
penalty,63
instruction,63
abuse,63
dangerous,63
operate,63
sight,63
employee,63
finally,62
toward,62
ability,62
extract,62
transfer,62
quiet,62
spend,62
benefit,62
wet,62
sometimes,62
blind,62
trace,61
update,61
stranger,61
sheep,61
frame,61
domestic,61
jump,61
teach,61
trick,61
although,61
nose,61
flood,61
trial,61
highly,61
mental,60
mess,60
expect,60
treatment,60
leadership,60
especially,60
liberal,60
various,60
dare,60
religion,60
pose,60
occupy,60
odd,60
finance,60
increase,60
aim,59
filter,59
presence,59
profile,59
everybody,59
priority,59
dust,59
silence,59
anywhere,59
apart,59
truly,58
competition,58
schedule,58
carefully,58
bomb,58
democratic,58
lip,58
exposure,58
shadow,58
seek,58
evidence,58
secure,58
figure,58
husband,57
strategy,57
scientific,57
input,57
method,57
remote,57
advice,57
passenger,57
dish,57
probably,56
shape,56
formation,56
primary,56
nearly,56
consider,56
index,56
theme,56
silent,56
fellow,56
former,56
boost,56
autumn,56
growth,56
presentation,56
reform,56
resist,56
import,56
poverty,56
effective,56
height,56
veteran,55
bend,55
plane,55
soil,55
reject,55
grass,55
sake,55
equally,55
hide,55
disease,55
passage,55
object,55
designer,55
reduce,55
luxury,55
poetry,55
factor,54
finger,54
potential,54
pound,54
receive,54
physical,54
female,54
install,54
institution,54
aircraft,54
fold,54
publication,54
quickly,54
loose,54
achievement,53
tear,53
rare,53
imagination,53
thirst,53
anger,53
opinion,53
engineer,53
bury,53
gain,53
guitar,53
sheet,53
example,52
angry,52
completely,52
actual,52
additional,52
manner,52
deposit,52
afternoon,52
wise,52
agenda,52
friendship,52
funny,52
measure,52
initiative,52
facility,51
creation,51
twice,51
exhibit,51
survive,51
talent,51
catalog,51
assistance,51
length,50
permit,50
printer,50
honest,50
professor,50
childhood,50
correct,50
cigarette,50
population,50
cope,50
perhaps,50
sector,50
neck,50
darkness,50
actually,49
bottom,49
loan,49
stress,49
twist,49
earn,49
speech,49
newspaper,49
committee,49
spin,49
damage,49
philosophy,49
unless,48
tourism,48
rule,48
landscape,48
prepare,48
immediately,48
chain,48
partnership,48
rural,48
propose,48
fortune,48
couple,48
pipe,47
pig,47
muscle,47
maybe,47
trap,47
gentle,47
surprise,47
tender,47
therefore,47
properly,47
academic,47
grab,47
incident,47
swing,47
tend,47
stable,47
snap,46
mere,46
perfectly,46
praise,46
ceremony,46
consumer,46
supplement,46
lecture,46
inspire,46
educational,46
ordinary,46
breath,46
illegal,46
stretch,46
convince,45
solve,45
usually,45
format,45
suit,45
sexual,45
license,45
folk,45
lesson,45
capture,45
resident,45
accident,45
inner,45
replace,45
chairman,45
critical,45
extension,44
debate,44
innocent,44
religious,44
proportion,44
percent,44
thick,44
presidential,44
airline,44
invest,44
vary,44
necessary,44
skill,44
individual,44
awareness,44
crop,44
task,44
analysis,44
busy,44
electricity,43
crowd,43
chart,43
resource,43
claim,43
clearly,43
stroke,43
relation,43
episode,43
identity,43
harm,43
witness,43
condition,43
principal,43
similar,43
agricultural,43
temperature,43
weapon,43
discussion,43
visible,43
independence,43
compose,43
compete,43
plot,42
degree,42
breast,42
moral,42
neighborhood,42
wage,42
massive,42
scare,42
firm,42
context,42
afraid,42
realize,42
distant,42
parent,42
breathe,42
perform,42
shelter,42
civilian,41
reply,41
angle,41
usual,41
decade,41
behavior,41
directly,41
chemical,41
vital,41
achieve,41
currently,41
stream,41
bless,41
shower,41
promotion,41
neither,41
experimental,41
confidence,41
promote,40
construct,40
brush,40
mutual,40
stir,40
environmental,40
govern,40
summary,40
carpet,40
concentration,40
survey,40
creature,40
audience,40
romantic,40
impress,39
gender,39
reporter,39
pleasant,39
forth,39
possess,39
gentleman,39
huge,39
somewhere,39
struggle,39
arrival,39
sink,39
scheme,39
barrier,39
slice,39
actor,39
firstly,38
yesterday,38
reflect,38
uncle,38
generally,38
fancy,38
minimum,38
debt,38
statement,38
easily,38
shoulder,38
alter,38
personnel,38
resistance,38
accommodation,38
intervention,38
literary,38
investment,38
interaction,38
effort,38
overseas,37
stake,37
initial,37
secondary,37
shout,37
enemy,37
plenty,37
situation,37
worry,37
relax,37
knock,37
conventional,37
extraordinary,37
organize,37
concrete,37
warn,37
coin,37
mistake,37
addition,37
aware,36
therapy,36
assess,36
comprehensive,36
combination,36
stare,36
recognition,36
laboratory,36
injury,36
extremely,36
pray,36
indeed,36
portrait,36
classical,36
climb,36
decide,36
remain,36
farmer,36
previous,36
rely,36
sigh,36
inform,36
decision,35
discuss,35
invitation,35
rank,35
maintain,35
pattern,35
repeat,35
overall,35
exercise,35
dramatic,35
document,35
automatically,35
symbol,35
notion,35
pension,35
likely,35
welfare,35
successful,35
combine,35
perspective,35
household,35
mostly,35
cheap,34
particular,34
participation,34
assessment,34
profit,34
description,34
disaster,34
concentrate,34
counsel,34
glad,34
satisfaction,34
leap,34
originally,34
criticism,34
logic,34
background,34
appearance,34
influence,34
experiment,34
latter,34
delay,34
suitable,34
accurate,34
chest,34
separate,33
abortion,33
observe,33
bedroom,33
wooden,33
tension,33
ugly,33
resolution,33
scope,33
slave,33
mathematics,33
producer,33
apartment,33
favor,33
improvement,33
specific,33
silly,33
wrap,33
peer,33
attend,33
steal,33
associate,33
surgery,33
preserve,33
tissue,32
somebody,32
scholar,32
throat,32
threat,32
reduction,32
scream,32
reverse,32
temporary,32
slowly,32
reveal,32
layer,32
province,32
agree,32
explain,32
objective,32
occasion,32
efficient,32
instance,32
constant,32
multiple,32
interview,32
precise,31
respond,31
database,31
entirely,31
importance,31
cooperation,31
representative,31
nobody,31
valuable,31
pitch,31
expression,31
spare,31
yield,31
freeze,31
merely,31
suppose,31
remarkable,31
radical,31
guilty,31
represent,31
engage,31
payment,31
troop,30
guarantee,30
relative,30
float,30
emotional,30
tournament,30
bunch,30
stomach,30
membership,30
partly,30
moderate,30
advantage,30
confirm,30
agreement,30
income,30
jail,30
enhance,30
bloody,30
gently,30
instrument,30
broadcast,30
retirement,30
employment,30
conduct,30
wealth,30
slip,30
contrast,30
require,29
conflict,29
negative,29
coverage,29
unemployment,29
stamp,29
comfortable,29
constantly,29
revenue,29
ensure,29
terrible,29
scientist,29
describe,29
exist,29
difficult,29
graduate,29
technique,29
attitude,29
violent,29
reliable,29
evaluation,29
mature,29
wound,29
pregnancy,29
interpretation,29
panic,28
doubt,28
constitute,28
arrange,28
approve,28
wherever,28
recall,28
absolutely,28
greatly,28
abstract,28
patient,28
regularly,28
failure,28
hardly,28
owe,28
capable,28
preparation,28
proceed,28
voter,28
illness,28
newly,28
extend,28
destruction,28
lend,28
output,28
pollution,28
territory,27
expense,27
nurse,27
invent,27
despite,27
invite,27
locate,27
seriously,27
consult,27
dozen,27
jacket,27
nowhere,27
parallel,27
humor,27
column,27
perception,27
relationship,27
assist,27
terrorist,26
suddenly,26
obligation,26
prefer,26
regard,26
contribution,26
convert,26
immediate,26
appeal,26
supporter,26
demonstration,26
tight,26
particularly,26
assistant,26
adjust,26
depression,26
commitment,26
random,26
useful,25
dialog,25
athlete,25
damn,25
brief,25
dependent,25
holder,25
surely,25
keen,25
arrest,25
bother,25
educate,25
previously,25
divide,25
trend,25
grateful,25
careful,25
trigger,25
personality,25
recently,25
tooth,25
publisher,25
continuous,25
opposite,25
tongue,25
stupid,25
suffer,25
empty,25
false,25
absolute,25
whenever,25
confident,25
quote,25
swear,24
profession,24
establishment,24
smell,24
affair,24
announce,24
severe,24
segment,24
impossible,24
permission,24
mixture,24
steady,24
cough,24
motivation,24
responsible,24
formal,24
phase,24
clinical,24
frequently,24
split,24
victim,24
gather,24
spell,24
personally,23
closely,23
suggestion,23
integrate,23
responsibility,23
uniform,23
coat,23
joke,23
certainly,23
satisfy,23
majority,23
consist,23
unlike,23
participate,23
fence,23
defeat,23
servant,23
breed,23
laughter,23
frequent,23
ought,23
belong,23
functional,23
versus,23
strain,23
hurt,23
currency,23
insight,22
gaze,22
slightly,22
inquiry,22
excuse,22
reaction,22
compound,22
depth,22
intention,22
poet,22
overcome,22
unusual,22
reputation,22
vast,22
pretend,22
nearby,22
voluntary,22
definitely,22
depend,22
commit,22
wipe,22
succeed,22
proposal,22
disturb,22
refuse,22
enable,22
quietly,22
anymore,22
afford,21
possibly,21
horrible,21
biological,21
atmosphere,21
prisoner,21
attraction,21
category,21
anxious,21
habit,21
pile,21
nervous,21
shade,21
institutional,21
judgment,21
ethnic,21
sentence,21
infant,21
transition,21
crack,21
deeply,21
contribute,21
topic,21
conservative,21
otherwise,21
familiar,21
fundamental,20
cousin,20
besides,20
exception,20
arrive,20
determine,20
approximately,20
emotion,20
frequency,20
affect,20
entertain,20
exactly,20
lazy,20
skirt,20
isolate,20
premise,20
neighbor,20
identify,20
margin,20
ratio,20
virus,19
narrative,19
significant,19
beneath,19
mortgage,19
refugee,19
module,19
suggest,19
embrace,19
illustration,19
intend,19
appreciate,19
increasingly,19
routine,19
sequence,19
attempt,19
exhaust,19
infection,19
unable,19
extent,19
poem,19
possibility,19
stain,19
conclusion,19
manufacturer,19
boundary,19
aunt,19
generate,19
hurry,19
investigation,18
basis,18
external,18
composition,18
typical,18
observation,18
consultant,18
remind,18
blame,18
indicate,18
intellectual,18
bore,18
transform,18
phenomenon,18
exam,18
strongly,18
component,18
prompt,18
procedure,18
efficiency,18
recover,18
accord,18
deny,18
jury,18
provision,18
greet,18
prospect,18
knife,18
decline,18
distinct,18
declare,18
attract,18
restrict,17
rival,17
literally,17
sweep,17
rapidly,17
ultimately,17
insure,17
participant,17
establish,17
discipline,17
dimension,17
impressive,17
genetic,17
representation,17
appropriate,17
virtually,17
relevant,17
fault,17
expose,17
expansion,17
attractive,17
alright,17
encourage,17
outcome,17
disorder,16
knee,16
sustain,16
definition,16
noun,16
structural,16
largely,16
complexity,16
narrow,16
emerge,16
abandon,16
complain,16
beside,16
grin,16
yeah,16
racial,16
adopt,16
recommend,16
slight,16
fragment,16
forecast,16
flexible,16
principle,16
vessel,16
expensive,16
excess,16
indication,16
cite,16
employer,15
gesture,15
amendment,15
surround,15
advertise,15
eventually,15
consistent,15
density,15
accuse,15
define,15
aside,15
competitive,15
decrease,15
communicate,15
preference,15
imply,15
impression,15
attendance,15
abroad,15
critic,15
stability,15
hence,15
drag,15
tackle,15
exact,15
collapse,14
absence,14
limitation,14
recognize,14
variable,14
urge,14
whilst,14
anxiety,14
reflection,14
compromise,14
weak,14
divorce,14
dedicate,14
assume,14
curve,14
curtain,14
nerve,14
okay,14
normally,14
argument,14
sanction,14
existence,14
fairly,14
submit,14
immigrant,14
historian,14
eliminate,14
explanation,14
supplier,14
investor,14
fade,14
sensitive,14
shelf,13
requirement,13
asset,13
resign,13
numerous,13
manufacture,13
detect,13
envelope,13
pregnant,13
possession,13
equation,13
offense,13
ownership,13
whisper,13
specifically,13
settle,13
crucial,13
allege,13
suspect,13
suspend,13
encounter,13
obvious,13
arise,12
quantity,12
outline,12
depress,12
wealthy,12
widely,12
necessarily,12
apparently,12
substantial,12
sudden,12
successfully,12
retire,12
altogether,12
deficit,12
weigh,12
comprise,12
privilege,12
barely,12
hint,12
refer,12
exceed,12
mainly,12
expand,12
regulation,12
apparent,12
grammar,12
effectively,12
consequence,12
anybody,12
enormous,11
oppose,11
strict,11
substance,11
retain,11
equivalent,11
anyway,11
musician,11
introduce,11
appointment,11
dominate,11
distinguish,11
reasonable,11
relatively,11
acquire,11
differently,11
gradually,11
adviser,11
alongside,11
glance,11
settlement,11
resolve,11
evolve,11
charm,11
cheek,11
weakness,11
examine,10
revise,10
specialize,10
belief,10
translate,10
relate,10
estimate,10
buyer,10
wander,10
regret,10
burst,10
opposition,10
extensive,10
pursue,10
distinction,10
advertisement,10
advocate,10
journalist,10
adequate,10
differ,10
involve,10
helpful,10
salary,10
admire,10
whereas,10
confusion,10
occur,9
phrase,9
analyze,9
regulate,9
employ,9
examination,9
slope,9
remark,9
somewhat,9
demonstrate,9
moreover,9
mechanism,9
implementation,9
somehow,9
excitement,9
unclear,9
comparison,9
accompany,9
grandmother,9
essay,9
insist,9
strengthen,9
dispute,9
analyst,8
capability,8
calculate,8
consideration,8
subsequently,8
minority,8
ignore,8
compensation,8
incentive,8
tendency,8
specify,8
borrow,8
basically,8
recommendation,8
criterion,8
approval,8
attach,8
regardless,8
unfortunately,8
confuse,8
elderly,8
disappear,8
announcement,8
determination,8
assure,8
bias,8
considerable,8
predict,7
verb,7
legislation,7
impose,7
stimulate,7
firmly,7
characteristic,7
excite,7
appoint,7
restriction,7
neglect,7
ruin,7
apologize,7
threaten,7
initially,7
recruit,7
fortunate,7
sufficient,7
involvement,7
undergo,7
implement,7
conclude,7
aggressive,7
highlight,6
fulfill,6
qualify,6
amaze,6
hypothesis,6
framework,6
ashamed,6
acquisition,6
arrangement,6
symptom,6
politician,6
investigate,6
precisely,6
dramatically,6
difficulty,6
measurement,6
occasionally,6
circumstance,6
react,6
uncertainty,6
burden,6
upset,6
briefly,6
heavily,6
significantly,6
primarily,6
similarly,5
justify,5
probability,5
typically,5
correspond,5
controversial,5
clause,5
obviously,5
situate,5
illustrate,5
behave,5
psychological,5
competitor,5
paragraph,5
complaint,5
stair,5
complicate,5
incorporate,5
expectation,5
admit,5
attachment,5
inflation,5
rarely,5
assign,5
badly,5
meanwhile,5
acceptable,5
frighten,4
consequently,4
liability,4
roughly,4
disagree,4
reasonably,4
adjustment,4
motivate,4
subsequent,4
awful,4
perceive,4
unlikely,4
percentage,4
faithfully,4
variation,4
statistic,3
teenager,3
elsewhere,3
derive,3
reckon,3
respectively,3
adapt,3
surprisingly,3
modify,3
theoretical,3
furthermore,3
criticize,3
implication,3
nowadays,3
entitle,3
lawyer,3
opponent,3
significance,3
nevertheless,3
potentially,3
injure,3
substitute,3
argue,3
acknowledge,2
exclude,2
assumption,2
distribute,2
devote,2
attribute,2
hesitate,2
accomplish,2
dismiss,2
pupil,2
undertake,2
advise,2
qualification,2
anticipate,2
colleague,2
evaluate,2
negotiation,2
underlie,2
emphasize,2
emphasis,2
shareholder,1
summarize,1
persuade,1
withdraw,1
presumably,1
expenditure,1
guideline,1
interpret,1
disappoint,1
